<cblf:BlueLakeFeatureCollection xmlns:gml="http://www.opengis.net/gml"
                                xmlns:cblf="http://www.opengis.net/cite/bluelake"
                                xmlns:xsi="http://www.w3.org/2001/XMLSchema-instance"
                                xsi:schemaLocation="http://www.opengis.net/cite/bluelake blueLakeFeatures.xsd http://www.opengis.net/gml feature.xsd">
   <gml:description>The cite:Forests layer</gml:description>
   <gml:name>cite:Forests</gml:name>
   <gml:boundedBy>
      <gml:Box srsName="CRS:84">
         <gml:coordinates>-0.0014,-0.0024 0.0042,0.0018</gml:coordinates>
      </gml:Box>
   </gml:boundedBy>
   <gml:featureMember>
      <cblf:ForestFeature fid="BlueLake.109">
         <cblf:name>Green Forest</cblf:name>
         <cblf:boundary>
            <gml:MultiPolygon srsName="CRS:84">
               <gml:polygonMember>
                  <gml:Polygon>
                     <gml:outerBoundaryIs>
                        <gml:LinearRing>
                           <gml:coordinates>-0.0014,-0.0024 -0.0014,0.0002 0.0002,0.0007 0.0014,0.0010 0.0028,0.0014 0.0042,0.0018 0.0042,-0.0024 -0.0014,-0.0024</gml:coordinates>
                        </gml:LinearRing>
                     </gml:outerBoundaryIs>
                  </gml:Polygon>
               </gml:polygonMember>
            </gml:MultiPolygon>
         </cblf:boundary>
      </cblf:ForestFeature>
   </gml:featureMember>
</cblf:BlueLakeFeatureCollection>